Id,name,slug,price,originalPrice,shortdescription,longdescription,primary_url,thumbnails,category_id,tags_id,brands_id
1,converse Leather,converse-leather,1450,1950,Classic Converse sneaker with premium leather upper,"A timeless Converse design upgraded with a smooth, durable leather upper, providing enhanced comfort and a sleek, stylish look perfect for casual and semi-formal wear.",https://res.cloudinary.com/djidjtrfg/image/upload/v1755764795/converseleather_ijyvkj.jpg,"https://res.cloudinary.com/djidjtrfg/image/upload/v1755764795/converseleather_obhvz2.jpg,https://res.cloudinary.com/djidjtrfg/image/upload/v1755764795/converseleather_ijyvkj.jpg",1,"1,3",1
2,converse Material,converse-material,1150,1650,Converse sneaker with mixed materials for versatile style.,"This Converse model features a blend of materials such as canvas, suede, and leather to deliver a unique texture and durability, ideal for everyday casual wear.",https://res.cloudinary.com/djidjtrfg/image/upload/v1756142195/IMG-20250528-WA0000_r54taa.jpg,https://res.cloudinary.com/djidjtrfg/image/upload/v1756142002/conversematerial_rfgw52.jpg,1,2,0
3,airmax90 original,airmax90-original,2700,3000,Iconic Nike Air Max 90 with original design and cushioning.,"The Nike Air Max 90 original model features signature visible Air cushioning, a durable leather and mesh upper, and a classic silhouette that combines comfort and street style effortlessly.",https://res.cloudinary.com/djidjtrfg/image/upload/v1755771065/90_pkpiel.jpg,"https://res.cloudinary.com/djidjtrfg/image/upload/v1755771114/air90_v38scj.jpg,https://res.cloudinary.com/djidjtrfg/image/upload/v1755771101/90_hvoyhv.jpg,https://res.cloudinary.com/djidjtrfg/image/upload/v1755771100/90_fkzbym.jpg,https://res.cloudinary.com/djidjtrfg/image/upload/v1755771067/90_mrhafb.jpg,https://res.cloudinary.com/djidjtrfg/image/upload/v1755771066/90_d6ss9x.jpg,https://res.cloudinary.com/djidjtrfg/image/upload/v1755771066/90_zrov7m.jpg",1,"4,6",2
4,Bapestar original,bapestar-original,2800,3100,Trendy Bapestar sneaker with bold design elements.,"Bapestar’s original sneaker offers a standout design with vibrant colors, premium materials, and a comfortable fit, making it a favorite in urban streetwear culture.",https://res.cloudinary.com/djidjtrfg/image/upload/v1756142203/IMG-20250616-WA0003_wljavr.jpg,"https://res.cloudinary.com/djidjtrfg/image/upload/v1756142205/IMG-20250616-WA0000_s8gdwc.jpg,https://res.cloudinary.com/djidjtrfg/image/upload/v1756142122/IMG-20250616-WA0002_iy1wal.jpg,https://res.cloudinary.com/djidjtrfg/image/upload/v1756142091/IMG-20250616-WA0001_dm25qy.jpg",1,"1,3",0
5,Dior original,dior-original,2400,3000,Luxurious Dior original sneaker with premium craftsmanship.,"The Dior original sneaker showcases exquisite craftsmanship with high-quality leather, elegant detailing, and a sleek silhouette that epitomizes luxury fashion.",https://res.cloudinary.com/djidjtrfg/image/upload/v1755771125/dior_ca8mdk.jpg,"https://res.cloudinary.com/djidjtrfg/image/upload/v1755771125/dior_ca8mdk.jpg,https://res.cloudinary.com/djidjtrfg/image/upload/v1755771131/dior_wkyy9u.jpg",1,3,0
6,clarks original,clarks-original,2100,2500,Classic Clarks shoe with premium leather and comfort.,"Known for exceptional comfort and style, the Clarks original features soft leather uppers, cushioned insoles, and durable soles, perfect for everyday wear and casual business settings.",https://res.cloudinary.com/djidjtrfg/image/upload/v1755771124/clarks_t3bbpn.jpg,"https://res.cloudinary.com/djidjtrfg/image/upload/v1755771124/clarks_t3bbpn.jpg,https://res.cloudinary.com/djidjtrfg/image/upload/v1755771124/clarks_djabys.jpg",1,1,0
7,Wallabees original,wallabees-original,2100,2500,Iconic Clarks Wallabee moccasin-style shoe.,"The original Wallabees offer a unique moccasin design with a crepe sole, premium suede or leather uppers, and a comfortable fit, loved for both casual and semi-formal looks.",https://res.cloudinary.com/djidjtrfg/image/upload/v1755764851/wallabees_w0bpf0.jpg,https://res.cloudinary.com/djidjtrfg/image/upload/v1755764851/wallabees_w0bpf0.jpg,1,1,0
8,Lugz original,lugz-original,3800,4100,Rugged and durable Lugz original boots and sneakers.,"Lugz originals are built for durability and style with tough materials, reinforced stitching, and comfortable footbeds, perfect for urban and outdoor wear.",https://res.cloudinary.com/djidjtrfg/image/upload/v1755771062/lugs_hze38g.jpg,",https://res.cloudinary.com/djidjtrfg/image/upload/v1755771062/lugs_hze38g.jpg",1,6,0
9,Timberland original,timberland-original,3700,4000,Classic Timberland boot with waterproof leather.,"The original Timberland boot features premium waterproof leather, rugged construction, and superior traction, making it a staple for both fashion and function.",https://res.cloudinary.com/djidjtrfg/image/upload/v1755771062/lugs_hze38g.jpg,"https://res.cloudinary.com/djidjtrfg/image/upload/v1755771062/lugs_frkcki.jpg,https://res.cloudinary.com/djidjtrfg/image/upload/v1755771123/blktimber_qsibs5.jpg",1,"4,6",4
10,airmax95 original,airmax95-original,3100,3500,Nike Air Max 95 with iconic design and Air cushioning.,"The Air Max 95 original offers a distinctive layered upper design, visible Air units in the sole for cushioning, and a retro-inspired look loved by sneaker enthusiasts worldwide.",https://res.cloudinary.com/djidjtrfg/image/upload/v1755764759/airmax95_vir3ni.jpg,"https://res.cloudinary.com/djidjtrfg/image/upload/v1755764759/airmax95_vir3ni.jpg,https://res.cloudinary.com/djidjtrfg/image/upload/v1755764759/airmax95_hm8ulv.jpg",1,1,2
11, Le coq Original,-le-coq-original,2700,3000,Authentic Le Coq Sportif sneaker with vintage-inspired design.,"The Le Coq Original features a blend of leather and mesh materials for breathability and durability. It highlights classic retro styling with modern comfort technologies, perfect for casual wear and athletic activities. Its signature rooster logo adds a touch of heritage to any outfit.",https://res.cloudinary.com/djidjtrfg/image/upload/v1755764806/lecoq_z6sjlq.jpg,"https://res.cloudinary.com/djidjtrfg/image/upload/v1755764806/le_coq_z7qhf1.jpg,https://res.cloudinary.com/djidjtrfg/image/upload/v1755764806/le_coq_z7qhf1.jpg",1,"3,6",0
12,Jordan 9 Original,jordan-9-original,2800,,Classic Air Jordan 9 with original styling and performance,"The Air Jordan 9 original model boasts premium leather and synthetic uppers, durable rubber outsoles, and innovative cushioning for superior support. This sneaker combines on-court performance with off-court style, featuring a sleek design and iconic branding.",https://res.cloudinary.com/djidjtrfg/image/upload/v1756142703/j9blk_m9k0i9.jpg,"https://res.cloudinary.com/djidjtrfg/image/upload/v1756142704/j9yblack_rtozgz.jpg,https://res.cloudinary.com/djidjtrfg/image/upload/v1756142708/j9_nc2lod.jpg",1,4,5
13,Nocta original,nocta-original,3100,,Nike Nocta sneaker with contemporary design and premium materials.,"The Nocta Original is a collaboration-inspired sneaker featuring a mix of high-quality leather, mesh, and suede with a modern silhouette. It includes advanced cushioning and a unique color palette, delivering style and comfort for streetwear enthusiasts.",https://res.cloudinary.com/djidjtrfg/image/upload/v1755764820/nocta1_domzfl.jpg,https://res.cloudinary.com/djidjtrfg/image/upload/v1755764818/nocta_xarmjk.jpg,1,"3,6",0
14,Jordan 4 Original,jordan-4-original,3000,,Legendary Air Jordan 4 with classic design and comfort.,"The original Air Jordan 4 features a combination of leather and mesh uppers, signature plastic wing eyelets, and visible Air cushioning for exceptional comfort. Its timeless design remains a staple in sneaker culture, blending performance and style.",https://res.cloudinary.com/djidjtrfg/image/upload/v1755771053/j4_iwfegz.jpg,"https://res.cloudinary.com/djidjtrfg/image/upload/v1755771053/j4_iwfegz.jpg,https://res.cloudinary.com/djidjtrfg/image/upload/v1755771062/jordan_4_qtgebh.jpg,https://res.cloudinary.com/djidjtrfg/image/upload/v1755771052/j4_tllxnu.jpg",1,1,5
15,Balde Original,balde-original,2800,,Stylish Balde sneaker with sleek design and comfort.,"The Balde Original is crafted with premium materials, including smooth leather and breathable textiles. It offers a streamlined silhouette with cushioned insoles and durable outsoles, making it ideal for everyday casual wear and urban fashion.",https://res.cloudinary.com/djidjtrfg/image/upload/v1755764760/balde_sa8pku.jpg,"https://res.cloudinary.com/djidjtrfg/image/upload/v1755764761/balde1_xcndxa.jpg,https://res.cloudinary.com/djidjtrfg/image/upload/v1755764760/balde_sa8pku.jpg",1,"3,6",0
16,Dior Hommie Original,dior-hommie-original,3000,,Exclusive Dior Homme sneaker with luxury craftsmanship.,"The Dior Homme Original sneaker features exquisite leather construction, refined stitching, and sophisticated design details. It embodies high-end fashion with a sleek, minimalist aesthetic and superior comfort for a premium footwear experience.",https://res.cloudinary.com/djidjtrfg/image/upload/v1755764799/DiorHommie5_zppv1q.jpg,"https://res.cloudinary.com/djidjtrfg/image/upload/v1755764797/DiorHommie4_o7pqu9.jpg,https://res.cloudinary.com/djidjtrfg/image/upload/v1755764797/DiorHommie3_ix6ow1.jpg,https://res.cloudinary.com/djidjtrfg/image/upload/v1755764797/DiorHommie2_fn7sul.jpg,https://res.cloudinary.com/djidjtrfg/image/upload/v1755764796/DiorHommie_d7beef.jpg",1,1,0
17,Venom original,venom-original,2800,,Bold Venom sneaker with unique design and durable build.,"The Venom Original stands out with aggressive styling, a combination of synthetic and leather materials, and reinforced soles. It provides excellent support and a distinct look suited for streetwear and active lifestyles.",https://res.cloudinary.com/djidjtrfg/image/upload/v1755764850/venom_ob4mph.jpg,"https://res.cloudinary.com/djidjtrfg/image/upload/v1756142694/venom_t9kzkq.webp,https://res.cloudinary.com/djidjtrfg/image/upload/v1756142693/venom_zh26nb.jpg",1,3,2
18,Vans Original,vans-original,1500,,Classic Vans sneaker with durable canvas and rubber sole.,"The Vans Original is iconic for its simple yet versatile design, featuring a sturdy canvas upper, signature waffle rubber outsole, and padded collars for comfort. Perfect for skateboarding or casual daily wear, it represents timeless street style.",https://res.cloudinary.com/djidjtrfg/image/upload/v1755764843/vans_xgq0zs.jpg,"https://res.cloudinary.com/djidjtrfg/image/upload/v1755764842/vans_eo7kfl.jpg,https://res.cloudinary.com/djidjtrfg/image/upload/v1755764842/vans_eo7kfl.jpg,https://res.cloudinary.com/djidjtrfg/image/upload/v1755764842/VANS_kgii5n.jpg,https://res.cloudinary.com/djidjtrfg/image/upload/v1755764841/van3_m03wn5.jpg,https://res.cloudinary.com/djidjtrfg/image/upload/v1755764841/van3_a4hxpy.jpg,",1,3,0
19,Samba   Original,samba---original,2500,,Adidas Samba with classic soccer-inspired design and comfort.,"The Adidas Samba Original features a suede and leather upper, gum rubber sole, and a low-profile silhouette. Originally designed for indoor soccer, it’s now a stylish casual shoe offering durability and comfort for everyday use.",https://res.cloudinary.com/djidjtrfg/image/upload/v1755771063/samba_wuibz9.jpg,https://res.cloudinary.com/djidjtrfg/image/upload/v1755771062/samba_pbkmrx.jpg,1,1,1
20,macqueen Sizes,macqueen-sizes,3000,,Alexander McQueen sneakers available in a full range of sizes.,"Alexander McQueen sneakers are known for their oversized sole design, premium leather uppers, and bold, fashion-forward aesthetics. Available in multiple sizes, these shoes offer comfort and a luxury statement for both casual and high-fashion looks.",https://res.cloudinary.com/djidjtrfg/image/upload/v1755764807/macqueen_sizes_pipgn2.jpg,"https://res.cloudinary.com/djidjtrfg/image/upload/v1756142693/msize_aoj6gx.jpg,https://res.cloudinary.com/djidjtrfg/image/upload/v1756142693/msize_aoj6gx.jpg",1,2,0
21,Empire Brown Original,empire-brown-original,2100,,Empire Brown sneaker with premium materials and rugged design.,"Empire Brown Original combines leather and textile uppers for durability and style. The shoe features a sturdy sole, padded collar, and a classic silhouette that works well for everyday use and outdoor activities.",https://res.cloudinary.com/djidjtrfg/image/upload/v1755764804/empire_brown_zuji7j.jpg,"https://res.cloudinary.com/djidjtrfg/image/upload/v1755771131/empire_a6dvvz.jpg,https://res.cloudinary.com/djidjtrfg/image/upload/v1755771131/empire_jbyflt.jpg,https://res.cloudinary.com/djidjtrfg/image/upload/v1755771130/empire_qf2dm1.jpg,https://res.cloudinary.com/djidjtrfg/image/upload/v1755771130/empire_kmghb8.jpg",1,"2,6",0
22,TOMMY Hilfiger Original,tommy-hilfiger-original,2500,,Tommy Hilfiger original sneaker with classic American style.,"This sneaker embodies Tommy Hilfiger’s signature preppy look with premium leather uppers, embroidered logos, and a comfortable rubber sole. Its versatile design suits casual and smart-casual outfits.",https://res.cloudinary.com/djidjtrfg/image/upload/v1755764840/Tommy_highfiler2_mtbxpj.jpg,"https://res.cloudinary.com/djidjtrfg/image/upload/v1755764833/Tommy_highfiler_lzmzus.jpg,https://res.cloudinary.com/djidjtrfg/image/upload/v1755764833/Tommy_highfiler_qaghdn.jpg,",1,"1,3",0
23,puma suede,puma-suede,2600,,Iconic Puma Suede sneaker with soft suede upper and classic look.,"The Puma Suede is renowned for its plush suede upper, durable rubber sole, and timeless silhouette. It offers comfort and style, making it a staple in streetwear and sports fashion since the 1960s.",https://res.cloudinary.com/djidjtrfg/image/upload/v1755764823/puma_suede_inyd6i.jpg,"https://res.cloudinary.com/djidjtrfg/image/upload/v1755764822/puma_suede_wipdjd.jpg,https://res.cloudinary.com/djidjtrfg/image/upload/v1755764825/pumasuede_ym8l6m.jpg",1,6,3
24,Nike Af1 low x Louis Vuitton,nike-af1-low-x-louis-vuitton,2800,,Exclusive Nike Air Force 1 Low collaboration with Louis Vuitton.,"This limited-edition sneaker merges Nike’s iconic Air Force 1 design with Louis Vuitton’s luxury craftsmanship. Featuring premium leather, LV monogram accents, and enhanced cushioning, it’s a collector’s dream blending streetwear with high fashion.",https://res.cloudinary.com/djidjtrfg/image/upload/v1755764760/AF1_LOUIS_VULTON_rthyze.jpg,"https://res.cloudinary.com/djidjtrfg/image/upload/v1755764760/AF1_LOUIS_VULTON_rthyze.jpg,https://res.cloudinary.com/djidjtrfg/image/upload/v1755764760/AF1_LOUIS_VULTON_rthyze.jpg",1,3,2
25,New Balance 530 Original,new-balance-530-original,2800,,New Balance 530 original with retro running style and support.,"The New Balance 530 combines suede and mesh uppers for breathability and durability. Equipped with ENCAP midsole technology, it provides excellent support and cushioning, ideal for both casual wear and light athletic use.",https://res.cloudinary.com/djidjtrfg/image/upload/v1755764817/NewBalance_gb2oiv.jpg,https://res.cloudinary.com/djidjtrfg/image/upload/v1755764817/NewBalance_gb2oiv.jpg,1,5,0
26,Lacoste Casual,lacoste-casual,2800,,Lacoste casual sneaker with sleek design and comfort.,"Lacoste Casual features clean lines with premium leather and textile uppers, cushioned insoles, and the iconic crocodile logo. Its minimalist design makes it perfect for everyday wear with a sporty, sophisticated touch.",https://res.cloudinary.com/djidjtrfg/image/upload/v1755764805/lacosteoriginal_sy5gsw.jpg,"https://res.cloudinary.com/djidjtrfg/image/upload/v1755764805/lacosteoriginal_hk8pwa.jpg,https://res.cloudinary.com/djidjtrfg/image/upload/v1755764805/lacosteoriginal_sy5gsw.jpg",1,3,0
27,Airforce Nola,airforce-nola,2700,,Nike Air Force Nola with classic style and robust build.,"The Airforce Nola maintains the legendary Air Force silhouette with a mix of leather and synthetic materials. It offers durable construction, solid cushioning, and a timeless look favored by sneaker enthusiasts worldwide.",https://res.cloudinary.com/djidjtrfg/image/upload/v1755771005/Airforce_Nola_grvhfe.jpg,https://res.cloudinary.com/djidjtrfg/image/upload/v1755771005/Airforce_Nola_grvhfe.jpg,1,"4,6",2
28,Af1 customaised Original,af1-customaised-original,2800,,Customized Nike Air Force 1 with personalized design features.,"This original Air Force 1 is tailored with unique customizations such as special colorways, materials, and detailing. It combines Nike’s signature comfort and durability with a one-of-a-kind aesthetic tailored to individual style preferences.",https://res.cloudinary.com/djidjtrfg/image/upload/v1755764759/AF1_CUSTOMIZABLE_midpnn.jpg,https://res.cloudinary.com/djidjtrfg/image/upload/v1755764759/AF1_CUSTOMIZABLE_midpnn.jpg,1,6,2
29,Airforce Psg,airforce-psg,2800,,Nike Air Force 1 Paris Saint-Germain edition with exclusive design.,"The Air Force PSG features premium leather construction, PSG branding, and a blend of sporty and stylish details. This collaboration offers both fans and sneaker collectors a limited-edition shoe with top-tier comfort and iconic appeal.",https://res.cloudinary.com/djidjtrfg/image/upload/v1755764759/AF1_PSG_lqc7e5.jpg,https://res.cloudinary.com/djidjtrfg/image/upload/v1755764759/AF1_PSG_lqc7e5.jpg,1,3,2
30,sb Dunk Original,sb-dunk-original,2700,,Nike SB Dunk original skateboarding sneaker with classic style.,"The Nike SB Dunk Original offers a durable leather and suede upper, reinforced to withstand skateboarding wear. Featuring Zoom Air cushioning for impact protection and a grippy rubber outsole, it balances performance with iconic streetwear appeal.",https://res.cloudinary.com/djidjtrfg/image/upload/v1755764825/sb_dunk_zu76gh.jpg,https://res.cloudinary.com/djidjtrfg/image/upload/v1755764824/sb_dunk_rjhmpo.jpg,1,"1,3",2
31,New Addidas Campus,new-addidas-campus,2700,,Adidas Campus sneaker with suede upper and retro design.,"The Adidas Campus combines premium suede uppers, a comfortable padded collar, and a durable rubber sole. Originally a basketball shoe, it now serves as a stylish casual sneaker with a clean, timeless silhouette.",https://res.cloudinary.com/djidjtrfg/image/upload/v1755764816/New_adidas_campus_m50ygw.jpg,"https://res.cloudinary.com/djidjtrfg/image/upload/v1755764816/new_adidas_campus_il167k.jpg,https://res.cloudinary.com/djidjtrfg/image/upload/v1755764815/New_adidas_campus_ry4pjr.jpg,https://res.cloudinary.com/djidjtrfg/image/upload/v1755764811/new_adidas_campus_fo2s5f.jpg,",1,2,1
32,Boss,boss,2500,,Elegant Boss sneaker with premium materials and sleek design.,"Boss sneakers showcase refined craftsmanship with high-quality leather, minimalist styling, and plush cushioning. Designed for both casual and semi-formal wear, they offer comfort and a sophisticated aesthetic.",https://res.cloudinary.com/djidjtrfg/image/upload/v1755764761/boss_k53wsq.jpg,"https://res.cloudinary.com/djidjtrfg/image/upload/v1755764762/boss_tkxb3n.jpg,https://res.cloudinary.com/djidjtrfg/image/upload/v1755764761/boss_k53wsq.jpg,https://res.cloudinary.com/djidjtrfg/image/upload/v1755764761/boss_fjfxp0.jpg",1,3,0
33,Timberland Casual  ,timberland-casual--,2500,,Timberland casual sneaker with rugged style and comfort.,"Timberland Casual combines premium leather and textile uppers with durable outsoles designed for everyday wear. The shoe balances rugged outdoor aesthetics with casual comfort and support, suitable for various lifestyles.",https://res.cloudinary.com/djidjtrfg/image/upload/v1755764832/Timberlandcasual_aazvwq.jpg,"https://res.cloudinary.com/djidjtrfg/image/upload/v1755764831/Timberland_casual_zp6rta.jpg,https://res.cloudinary.com/djidjtrfg/image/upload/v1755764831/Timberland_casual_xqz3iu.jpg,https://res.cloudinary.com/djidjtrfg/image/upload/v1755764826/Timberland_casual_pmagqn.jpg,",1,1,4
34,11 pro original,11-pro-original,1800,,Apple iPhone 11 Pro original with advanced features and design.,"The iPhone 11 Pro Original features a powerful A13 Bionic chip, triple-camera system for professional-quality photos, and a Super Retina XDR display. Its durable glass and stainless steel design provide a premium look and feel.",https://res.cloudinary.com/djidjtrfg/image/upload/v1755771065/11pro_pxvaqz.jpg,"https://res.cloudinary.com/djidjtrfg/image/upload/v1755771065/11pro_upmqiw.jpg,https://res.cloudinary.com/djidjtrfg/image/upload/v1755771065/11pro_er5clb.jpg,https://res.cloudinary.com/djidjtrfg/image/upload/v1755771065/11pro_xz1thw.jpg",1,"2,5",0
35,form cleaner,form-cleaner,500,,Specialized form cleaner for effective sneaker maintenance.,"Form Cleaner is a professional-grade sneaker cleaner designed to safely and effectively remove dirt, stains, and grime from various shoe materials including leather, suede, and mesh, helping to maintain and restore your sneakers’ original appearance.",https://res.cloudinary.com/djidjtrfg/image/upload/v1755771039/foam_wnq782.jpg,"https://res.cloudinary.com/djidjtrfg/image/upload/v1755771039/foam_wnq782.jpg,https://res.cloudinary.com/djidjtrfg/image/upload/v1755771039/foam_wnq782.jpg",1,3,0
36,Airforce Black/white,airforce-black/white,1900,,Nike Air Force 1 in classic black and white colorway.,"The Airforce Black/White features premium leather construction with a timeless two-tone design. It combines durability, comfort, and iconic style, making it a versatile sneaker for everyday wear and street fashion.",https://res.cloudinary.com/djidjtrfg/image/upload/v1755771041/forca_wgugnr.jpg,https://res.cloudinary.com/djidjtrfg/image/upload/v1755771041/forca_wgugnr.jpg,1,3,2
37,Nike Tn,nike-tn,2800,,Nike Air Max Plus (TN) with signature Tuned Air cushioning.,"The Nike TN offers a bold design with synthetic mesh uppers, signature Tuned Air technology for responsive cushioning, and durable outsoles. Its distinctive styling and vibrant colors have made it a sneaker culture staple.",https://res.cloudinary.com/djidjtrfg/image/upload/v1756141319/NIKE_AIR_MAX_PLUS_GS_3_xsb2vc.avif,"https://res.cloudinary.com/djidjtrfg/image/upload/v1756141306/NIKE_AIR_MAX_PLUS_GS_fneda7.avif,https://res.cloudinary.com/djidjtrfg/image/upload/v1756141336/NIKE_AIR_MAX_PLUS_GS_2_t3hori.avif,https://res.cloudinary.com/djidjtrfg/image/upload/v1756141351/NIKE_AIR_MAX_PLUS_GS_1_wmrkeg.avif",1,4,2
38,Airmax 97,airmax-97,2700,,Nike Air Max 97 with sleek design and full-length Air unit.,"The Air Max 97 original model features a wave-inspired design with reflective piping, full-length visible Air cushioning for ultimate comfort, and a lightweight mesh and synthetic upper, blending futuristic style with superior performance.",https://res.cloudinary.com/djidjtrfg/image/upload/v1755771115/air97_h8ciig.jpg,"https://res.cloudinary.com/djidjtrfg/image/upload/v1756141515/air-max-97-silver-bullet-dm0028-002-release-date_zkymi8.avif,https://res.cloudinary.com/djidjtrfg/image/upload/v1756141513/air-max-97-black_mw6xpa.webp",1,"4,6",2
39,Airmax 95 ,airmax-95-,3100,,Nike Air Max 95 with layered upper and visible Air units.,The Air Max 95 features a distinctive gradient layered leather and mesh upper with multiple visible Air units for excellent cushioning. Its bold design and comfort make it a perennial favorite among sneakerheads and athletes alike.,https://res.cloudinary.com/djidjtrfg/image/upload/v1755771109/97_gjsxc1.jpg,https://res.cloudinary.com/djidjtrfg/image/upload/v1755771102/97_emgr1m.jpg,1,3,2
40,jordan 3 Original,jordan-3-original,2900,,Classic Air Jordan 3 with elephant print and visible Air cushioning.,"The Air Jordan 3 Original combines premium leather uppers with iconic elephant print overlays and a visible Air-Sole unit in the heel for cushioning. Designed by Tinker Hatfield, it blends style and performance, becoming a timeless basketball sneaker.",https://res.cloudinary.com/djidjtrfg/image/upload/v1755771053/j4_viaq85.jpg,https://res.cloudinary.com/djidjtrfg/image/upload/v1755771041/j3_qgumnf.jpg,1,6,5
41,Jordan 4 Bricks by bricks,jordan-4-bricks-by-bricks,3300,,"Limited edition Air Jordan 4 ""Bricks By Bricks"" with unique design.","The Jordan 4 ""Bricks By Bricks"" edition features premium materials and a special brick-inspired pattern on the upper, celebrating urban culture and craftsmanship. With classic Air cushioning and signature Jordan detailing, it’s a collector’s gem.",https://res.cloudinary.com/djidjtrfg/image/upload/v1756141619/air-jordan-4-nigel-brick-by-brick-hf4340-800-release-date_wnljkk.avif,"https://res.cloudinary.com/djidjtrfg/image/upload/v1756141617/air-jordan-4-nigel-brick-by-brick-hf4340-800-release-date_2_qybl2d.avif,https://res.cloudinary.com/djidjtrfg/image/upload/v1756141618/air-jordan-4-nigel-brick-by-brick-hf4340-800-release-date_1_ltvqdi.avif",1,,5
42,Hp color laserjet 4303fdw printer,hp-color-laserjet-4303fdw-printer,79000,,"A compact, quad-function (print/copy/scan/fax) color laser printer, offering fast duplex printing up to 33 ppm, suitable monthly duty cycle, and versatile connectivity.","The 4303fdw combines print, copy, scan, and fax in one device, delivering up to 33 ppm in both black and color (ISO A4), with first-page-out in about 10 seconds. It supports automatic duplex, has a duty cycle up to 50,000 pages/month, integrates network, USB, Wi‑Fi (ac), and Wi‑Fi Direct, and includes preinstalled toner cartridges. Ideal for small to medium offices seeking reliability and speed in a compact form factor",https://res.cloudinary.com/djidjtrfg/image/upload/v1755879248/Hpcolorlaserjet_4303fdw_printe_bym74h.webp,"https://res.cloudinary.com/djidjtrfg/image/upload/v1755879248/Hpcolorlaserjet_4303fdw_printe_bym74h.webp,https://res.cloudinary.com/djidjtrfg/image/upload/v1755879207/4_vfesa7.png,https://res.cloudinary.com/djidjtrfg/image/upload/v1755879252/id5_urchxd.webp",3,4,6
43,Hp color laserjet 4303dw printer,hp-color-laserjet-4303dw-printer,71000,,"A high-speed color MFP (print/scan/copy), delivering duplex printing at 33 ppm with robust network and wireless connectivity.","The 4303dw offers print, scan, and copy, up to 33 ppm in both color and black, automatic duplex printing, ADF-enabled scanning, and comprehensive media support. Connectivity includes USB, Gigabit Ethernet, Wi‑Fi (ac), Wi‑Fi Direct, and walk-up USB. With a 250-sheet main tray plus ADF, it's well-suited for busy workgroups needing fast, efficient color output",https://res.cloudinary.com/djidjtrfg/image/upload/v1755879248/Hpcolorlaserjet_4303fdw_printe_bym74h.webp,"https://res.cloudinary.com/djidjtrfg/image/upload/v1755879207/4_vfesa7.png,https://res.cloudinary.com/djidjtrfg/image/upload/v1755879252/id5_urchxd.webp",3,5,6
44,Hp laserjet 4103fdw printer,hp-laserjet-4103fdw-printer,69000,,"A high-volume mono MFP that handles up to 42 ppm, offering duplex scanning and printing, plus rich connectivity for team usage.","The 4103fdw supports print, copy, scan, and fax, with up to 40 ppm (A4). It includes duplex scanning, an ADF, touchscreen interface, and mobile printing via the HP Smart app. Connectivity covers Wi‑Fi, Ethernet, and USB. With a hefty duty cycle (up to 80,000 pages/month), dual trays (up to 900‑sheet capacity), and strong productivity features (scan-to-email, fax), it’s ideal for high-demand office environments.",https://res.cloudinary.com/djidjtrfg/image/upload/v1755879835/pid3_bmy6p5.jpg,https://res.cloudinary.com/djidjtrfg/image/upload/v1755879794/p3_lrt4sp.jpg,3,6,6
45,hp color laserjet 3303sdw printer,hp-color-laserjet-3303sdw-printer,67000,,"A compact, efficient color MFP (print/scan/copy) offering duplex printing at up to 25 ppm with secure and mobile-friendly features.","Designed for business teams, the 3303sdw delivers reliable two-sided color printing, scanning, and copying at up to 25 ppm. It features a 50-sheet ADF, robust security (HP Wolf Pro Security), and flexible connectivity (USB, Ethernet, Wi‑Fi (ac), Wi‑Fi Direct, mobile printing). Its compact footprint and dependable performance make it a great fit for small workspaces needing quality color throughput.",https://res.cloudinary.com/djidjtrfg/image/upload/v1755879848/prid4_sgwxog.png,"https://res.cloudinary.com/djidjtrfg/image/upload/v1755879838/pr4_czsabs.png,https://res.cloudinary.com/djidjtrfg/image/upload/v1755879797/p4_kycnyc.png",3,6,6
46,hp color laserjet 179fw,hp-color-laserjet-179fw,59000,,"A compact 4‑in‑1 (print, scan, copy, fax) color laser multifunction printer, offering up to 18 ppm black and 4 ppm color, manual duplexing, ADF scanning, and wireless/mobile printing—all in a space-saving design.","The HP Color Laser MFP 179fnw (4ZB97A) is a multifunction laser printer combining print, copy, scan, and fax capabilities. It prints in black at up to 18 ppm and in color at up to 4 ppm, with first-page-out times around 12.4 seconds (black) and 25.3 seconds (color)",https://res.cloudinary.com/djidjtrfg/image/upload/v1755879847/pri5_vrf2s1.webp,"https://res.cloudinary.com/djidjtrfg/image/upload/v1755879828/p5_fxorw4.webp,https://res.cloudinary.com/djidjtrfg/image/upload/v1755879252/id5_urchxd.webp",3,5,6
47,Hp laserjet 183fw color printer,hp-laserjet-183fw-color-printer,65000,,"A versatile color laser all‑in‑one (print/scan/copy/fax) MFP delivering up to 16 ppm in both black and color, manual duplexing, ADF scanning, network and wireless connectivity, and mobile printing features.","The HP Color LaserJet Pro MFP M183fw (7KW56A) delivers multifunction productivity with print, scan, copy, and fax in one device. It offers up to 16 ppm for both black and color prints, with first-page-out times as fast as roughly 11.8 seconds (black) and 13.8 seconds (color)",https://res.cloudinary.com/djidjtrfg/image/upload/v1755879849/priid16_fzcvpa.jpg,"https://res.cloudinary.com/djidjtrfg/image/upload/v1755879836/pid6_acxjgd.avif,https://res.cloudinary.com/djidjtrfg/image/upload/v1755879833/p6_wu4rir.avif,https://res.cloudinary.com/djidjtrfg/image/upload/v1755879252/id6_tki21c.avif",3,4,6
48,Hp color laserjet 178nw,hp-color-laserjet-178nw,61000,,"A super-compact color laser MFP offering print/scan/copy at around 19 ppm black and 4 ppm color, with Wi‑Fi connectivity.","he 178nw is HP’s smallest color laser multifunction printer, offering up to 19 ppm black and 4 ppm color. It includes print, scan, and copy with Wi‑Fi, Ethernet, and mobile printing support (HP app, AirPrint, Mopria). Ideal for home offices and small teams where space is limited and basic color capability is needed at an affordable price",https://res.cloudinary.com/djidjtrfg/image/upload/v1755879248/7_zb3nrn.png,"https://res.cloudinary.com/djidjtrfg/image/upload/v1755879834/p7_ssa6a4.png,https://res.cloudinary.com/djidjtrfg/image/upload/v1755879207/4_vfesa7.png",3,4,6
49,Hp laserjet 135w,hp-laserjet-135w,32000,,"A compact mono laser MFP (print/copy/scan) offering around 21 ppm print speed, built-in Wi‑Fi, and ADF support at budget-friendly pricing","The 135w includes print, scan, and copy functionality, printing up to 21 ppm in mono at up to 1,200 × 1,200 dpi. It features a 40‑sheet ADF, wireless (802.11 b/g/n), USB, mobile printing via HP/Mopria, and automatic duplex printing via driver. With a monthly duty cycle up to 10,000 pages, it's designed for home users and small offices needing a compact and modern monochrome solution.",https://res.cloudinary.com/djidjtrfg/image/upload/v1755879847/pri10_gwlbjl.png,"https://res.cloudinary.com/djidjtrfg/image/upload/v1755879248/id10_ce6uhn.png,https://res.cloudinary.com/djidjtrfg/image/upload/v1755879205/10id_nimjss.png,",3,5,6
50,Epson l8050 printer,epson-l8050-printer,55000,,"A dedicated 6‑color inkjet photo printer offering ultra‑low print cost and fast, high-quality photo output up to A4.","The L8050 features a 6‑color dye‑based ink tank system (70 ml bottles), delivering low-cost printing—up to 1,500 10×15 cm photos, or thousands of mono/color A4 pages. Built on Heat‑Free PrecisionCore tech, it boasts 12 ppm photo speed (10×15 cm), seamless Wi‑Fi and Wi‑Fi Direct connectivity, and an easy front-facing tank design. It offers glossy photo printing with superb color depth, energy efficiency, and reliability—providing long-term value for photo enthusiasts.",https://res.cloudinary.com/djidjtrfg/image/upload/v1755879206/12id_d3kcce.jpg,"https://res.cloudinary.com/djidjtrfg/image/upload/v1755879205/12_nwcxtr.jpg,https://res.cloudinary.com/djidjtrfg/image/upload/v1755879206/12id_d3kcce.jpg",3,,7
51,Epson L3250 printer,epson-l3250-printer,25000,,"A wireless home all‑in‑one ink tank printer similar to L3210 but with Wi‑Fi, offering low-cost printing and mobile control via Smart Panel.","The L3250 builds on the L3210’s capabilities with added Wi‑Fi and Wi‑Fi Direct support, letting you print, copy, and scan wirelessly. It includes a high-capacity tank system yielding 8,100 black and 6,500 color pages, with low-cost operation. The device supports Epson Smart Panel for mobile setup and management. Perfect for modern home offices needing flexibility and affordability",https://res.cloudinary.com/djidjtrfg/image/upload/v1755879835/pe14_rsgoqw.jpg,https://res.cloudinary.com/djidjtrfg/image/upload/v1755879835/pe14_rsgoqw.jpg,3,6,7
52,epson l3210 printe,epson-l3210-printe,25000,,An affordable home ink‑tank MFP (print/copy/scan) that delivers extremely low operating costs and includes up to 3 years of ink.,"The EcoTank L3210 combines print, copy, and scan with a refillable tank system, achieving up to 8,100 black and 6,500 color page yield from included inks. It offers borderless photo printing, a user-friendly front‑facing ink system, and energy-saving Micro Piezo technology. Ideal for households focused on long-term cost savings without sacrificing functionality.",https://res.cloudinary.com/djidjtrfg/image/upload/v1755879656/p15_x0ktlr.webp,"https://res.cloudinary.com/djidjtrfg/image/upload/v1755879251/id15_ap6jbh.jpg,https://res.cloudinary.com/djidjtrfg/image/upload/v1755879252/id15_dmchwp.webp,https://res.cloudinary.com/djidjtrfg/image/upload/v1755879207/15_xxdjrb.webp",3,3,7
53,Canon ts3340 printer,canon-ts3340-printer,10500,,"A compact, affordable all‑in‑one inkjet printer with Wi‑Fi, suitable for basic home printing, scanning, and copying.","The Canon TS3340 supports wireless print/scan/copy and cloud connectivity via the Canon PRINT app, AirPrint, and Mopria. It delivers up to 4800 × 1200 dpi resolution, print speeds ~7.7 ipm mono, ~4.0 ipm color, and borderless photos (up to 5 × 7 in). It uses FINE cartridges (with optional XL for cost savings), has a 1.5″ LCD, manual duplex print, and compact footprint. Great value for everyday use in homes or small offices",https://res.cloudinary.com/djidjtrfg/image/upload/v1755879847/pri16_h3inwm.jpg,https://res.cloudinary.com/djidjtrfg/image/upload/v1755879252/id16_iq2eva.jpg,3,4,8
54,kyocer ecosys 1025 printer,kyocer-ecosys-1025-printer,55000,,"A monochrome laser MFP offering 25 ppm print, auto duplex, low running costs, and scanning/copying—built for reliability.","The ECOSYS 1025 delivers print, scan, and copy at up to 25 ppm, automatic duplex printing, 1,200 dpi (print) and 600 dpi (scan/copy) resolution, and scanning to USB or network. With a compact design, 64 MB RAM, 250‑sheet input capacity, and very low operating costs, it’s ideal for small offices needing a dependable workhorse with economical operation.",https://res.cloudinary.com/djidjtrfg/image/upload/v1755879849/priid16_fzcvpa.jpg,"https://res.cloudinary.com/djidjtrfg/image/upload/v1755879837/pr16_fcxksu.jpg,",3,5,0
55,Asta Toner Cartridge 80A,asta-toner-cartridge-80a,1800,200,"Asta's 80A toner cartridge, also known as CF280A, CE505A, or Canon 719, is a high-yield compatible cartridge offering approximately 2,300 pages at 5% coverage. It delivers razor-sharp text and graphics, consistent performance, and seamless installation—all backed by a 1-year warranty. Ideal for both business and home offices.","The Asta Toner Cartridge 80A (CF280A / CE505A / Canon 719) is a high-quality, cost-effective replacement toner compatible with a wide range of HP and Canon laser printers. It delivers up to 2,300 pages of sharp black text, making it ideal for office and business use. Compatible HP models include the LaserJet Pro 400 M401/M425 series and P2030–P2055 series, while Canon compatibility includes i-SENSYS LBP6300dn, LBP6650dn, LBP252dw, and imageCLASS MF411dw, MF418x, MF6140dn, among others. Reliable, easy to install, and backed by warranty, it’s a smart choice for quality printing at lower costs.",https://res.cloudinary.com/djidjtrfg/image/upload/v1755963373/IMG-20250818-WA0021_zq0eo0.jpg,"https://res.cloudinary.com/djidjtrfg/image/upload/v1755963346/IMG-20250703-WA0025_sewozt.jpg,https://res.cloudinary.com/djidjtrfg/image/upload/v1755963344/IMG-20250703-WA0023_vzl0x3.jpg",2,5,8
56,Asta Toner Cartridge 59A,asta-toner-cartridge-59a,5000,,"The Asta Toner Cartridge 59A (CF259A) is a high-performance compatible toner that delivers up to 3,000 pages of sharp, professional black prints. It is designed for HP LaserJet Pro M404, M428, and M406/M430 series printers, making it ideal for offices seeking reliable, cost-effective printing.","The Asta 59A Toner Cartridge (CF259A) is a premium-grade compatible toner engineered to match the performance of the original HP cartridge. With a high page yield of approximately 3,000 pages at 5% coverage, it ensures consistent, high-quality output ideal for everyday office printing. This toner is compatible with a range of HP LaserJet Pro printers including M404n, M404dn, M404dw, as well as MFP M428dw, M428fdn, M428fdw, and Enterprise M406dn, MFP M430f. The cartridge offers smooth installation, clear text, minimal smudging, and long-term durability. It’s a cost-efficient solution for businesses looking to reduce printing costs without compromising on quality or reliability. Backed by strict quality standards, the Asta 59A is built for peak performance.",https://res.cloudinary.com/djidjtrfg/image/upload/v1755963343/IMG-20250703-WA0021_h8raeh.jpg,https://res.cloudinary.com/djidjtrfg/image/upload/v1755963343/IMG-20250703-WA0019_fb4xhm.jpg,2,4,8
57,Asta Toner Cartridge 85A,asta-toner-cartridge-85a,1600,2000,"The Asta Toner Cartridge 85A (CE285A) is a dependable, budget-friendly alternative to HP’s OEM toner, delivering approximately 1,600 pages of crisp black text. It’s compatible with popular HP LaserJet Pro models such as the P1102, P1102w, M1132, and M1212nf, making it perfect for offices and home users seeking consistent, cost-effective printing performance.","The Asta 85A Toner Cartridge (CE285A) is a high-quality compatible replacement for HP’s 85A toner. Engineered to meet OEM standards, it typically yields around 1,600 pages at 5% coverage, offering reliable output for everyday document printing. Compatible with a wide range of HP LaserJet Pro printers—including P1102, P1102w, P1109w, M1132, M1212nf, M1214nfh, M1217nfw, and M1219nf—this cartridge ensures versatile usage across different setups. Some users also report compatibility with select Canon models, such as the imageCLASS LBP6000, LBP6030w, and MF3010. It’s designed for easy installation, stable performance, and is built with ISO and STMC-certified materials, ensuring both quality and environmental responsibility. Ideal for anyone aiming to reduce printing costs without compromising on reliability or page clarity.",https://res.cloudinary.com/djidjtrfg/image/upload/v1755963372/IMG-20250818-WA0023_yykclo.jpg,https://res.cloudinary.com/djidjtrfg/image/upload/v1755963372/IMG-20250818-WA0023_1_obe9zw.jpg,2,3,8
58,Asta Toner Cartridge 83A,asta-toner-cartridge-83a,1600,2000,"The Asta Toner Cartridge 83A (CF283A) is a high-quality, cost-effective replacement for HP's OEM toner, delivering approximately 1,600 pages of sharp black text. It's compatible with a wide range of HP LaserJet Pro and Canon imageCLASS printers, making it ideal for small to medium-sized offices seeking reliable and affordable printing solutions.","The Asta 83A Toner Cartridge (CF283A) is a premium compatible toner designed to meet the performance standards of HP's original 83A cartridge. With a page yield of approximately 1,600 pages at 5% coverage, it ensures consistent, high-quality prints for everyday office tasks. This toner is compatible with a broad array of HP LaserJet Pro printers, including the M125, M127, M201, M225 series, and Canon imageCLASS models such as the MF211, MF212w, MF215, MF216n, MF217w, among others. Engineered for easy installation and reliable performance, the Asta 83A toner cartridge offers a cost-effective solution without compromising on print quality. It's an excellent choice for businesses looking to reduce printing costs while maintaining professional print output.",https://res.cloudinary.com/djidjtrfg/image/upload/v1755963371/IMG-20250818-WA0020_a48bls.jpg,"https://res.cloudinary.com/djidjtrfg/image/upload/v1755963371/IMG-20250818-WA0020_a48bls.jpg,https://res.cloudinary.com/djidjtrfg/image/upload/v1755963371/IMG-20250818-WA0020_a48bls.jpg",2,4,8
59,Asta Toner Cartridge 35A,asta-toner-cartridge-35a,1600,2000,"The Asta Toner Cartridge 35A (CB435A) is a reliable and cost-effective replacement for HP’s OEM toner, delivering approximately 1,600 pages of crisp black text. It's compatible with a wide range of HP LaserJet and Canon i-SENSYS printers, making it ideal for small to medium-sized offices seeking consistent and affordable printing solutions.","The Asta 35A Toner Cartridge (CB435A) is a high-quality compatible toner designed to meet the performance standards of HP's original 35A cartridge. With a page yield of approximately 1,600 pages at 5% coverage, it ensures consistent, high-quality prints for everyday office tasks. This toner is compatible with a broad array of HP LaserJet and Canon i-SENSYS printers, including:

HP LaserJet P Series: P1002, P1003, P1005, P1006, P1009

HP LaserJet M Series: M1120, M1120n, M1522n, M1522nf, P1505, P1505n, P1506

HP LaserJet Pro Series: M1132, M1136, M1212nf, M1217nfw, P1102, P1102w, P1109

Canon i-SENSYS: LBP6000, LBP6000B, LBP6020, LBP6020B, LBP6030, LBP6030B, LBP6030w

Engineered for easy installation and reliable performance, the Asta 35A toner cartridge offers a cost-effective solution without compromising on print quality. It's an excellent choice for businesses looking to reduce printing costs while maintaining professional print output.",https://res.cloudinary.com/djidjtrfg/image/upload/v1755963372/IMG-20250818-WA0023_yykclo.jpg,https://res.cloudinary.com/djidjtrfg/image/upload/v1755963372/IMG-20250818-WA0023_1_obe9zw.jpg,2,3,8
60,Asta Toner Cartridge 36A,asta-toner-cartridge-36a,1600,2000,"The Asta Toner Cartridge 36A (CB436A) is a high-quality, cost-effective replacement for HP's OEM toner, delivering approximately 2,000 pages of sharp black text. It's compatible with a wide range of HP LaserJet printers, making it ideal for small to medium-sized offices seeking reliable and affordable printing solutions.","The Asta 36A Toner Cartridge (CB436A) is a premium compatible toner designed to meet the performance standards of HP's original 36A cartridge. With a page yield of approximately 2,000 pages at 5% coverage, it ensures consistent, high-quality prints for everyday office tasks. This toner is compatible with a broad array of HP LaserJet printers, including:

HP LaserJet P Series: P1505, P1505n

HP LaserJet M Series: M1120, M1120n, M1522n, M1522nf

Engineered for easy installation and reliable performance, the Asta 36A toner cartridge offers a cost-effective solution without compromising on print quality. It's an excellent choice for businesses looking to reduce printing costs while maintaining professional print output.",https://res.cloudinary.com/djidjtrfg/image/upload/v1755963372/IMG-20250818-WA0023_yykclo.jpg,https://res.cloudinary.com/djidjtrfg/image/upload/v1755963372/IMG-20250818-WA0023_1_obe9zw.jpg,2,1,8
61,Asta Toner Cartridge 78A,asta-toner-cartridge-78a,1600,2000,"The Asta Toner Cartridge 78A (CF278A) is a reliable, cost-effective replacement toner that delivers up to 2,300 pages of sharp black prints. Compatible with several HP LaserJet Pro models, it offers consistent quality for home and office printing needs.","The Asta 78A Toner Cartridge (CF278A) is a premium compatible toner designed as a cost-saving alternative to the original HP 78A cartridge. It provides approximately 2,300 pages at 5% coverage with clear, crisp text and sharp images. Compatible with various HP LaserJet Pro printers, including the M1536dnf, M1536dn, M176n, M177fw, and M1530 series, this cartridge ensures smooth installation and reliable printing performance. Built to meet strict quality standards, the Asta 78A delivers excellent print consistency and is ideal for both small businesses and home office environments looking to maintain print quality while reducing costs.",https://res.cloudinary.com/djidjtrfg/image/upload/v1755963372/IMG-20250818-WA0023_yykclo.jpg,https://res.cloudinary.com/djidjtrfg/image/upload/v1755963372/IMG-20250818-WA0023_1_obe9zw.jpg,2,4,8
62,Asta Toner Cartridge 12A,asta-toner-cartridge-12a,1800,2000,"The Asta Toner Cartridge 12A (Q2612A) is a reliable and affordable compatible toner that produces approximately 2,000 pages of sharp black prints. It’s compatible with various HP LaserJet 1010, 1012, 1015, 1020, 1022 series printers, making it perfect for home and small office use.","The Asta 12A Toner Cartridge (Q2612A) is a high-quality compatible replacement for HP’s original 12A cartridge. Delivering about 2,000 pages at 5% coverage, it provides crisp, clear, and consistent black prints suitable for everyday office and home printing. This cartridge is compatible with a wide range of HP LaserJet models including 1010, 1012, 1015, 1020, 1022, 3015, 3020, 3030, 3050, 3052, 3055, and M1005 MFP. Designed for easy installation and reliable performance, the Asta 12A offers an economical printing solution without compromising print quality, making it ideal for users looking to reduce costs while maintaining professional results.",https://res.cloudinary.com/djidjtrfg/image/upload/v1755963360/IMG-20250703-WA0037_t8zuan.jpg,"https://res.cloudinary.com/djidjtrfg/image/upload/v1755963360/IMG-20250703-WA0037_t8zuan.jpg,https://res.cloudinary.com/djidjtrfg/image/upload/v1755963360/IMG-20250703-WA0038_i04jjb.jpg",2,5,8
63,Asta Toner Cartridge 53A,asta-toner-cartridge-53a,1700,2000,"The Asta Toner Cartridge 53A (CE253A) is a dependable, cost-effective compatible toner delivering approximately 1,400 pages of sharp black text. It’s compatible with several HP LaserJet Pro printers, ideal for small offices and home use.","The Asta 53A Toner Cartridge (CE253A) is a high-quality compatible toner designed to replace the HP 53A OEM cartridge. Offering around 1,400 pages at 5% coverage, it produces consistent, crisp black prints suitable for everyday document printing. Compatible with various HP LaserJet Pro printers, including M203dn, M227fdw, M227fdn, M203dw, this cartridge ensures smooth installation and reliable performance. Engineered to meet strict quality standards, the Asta 53A is an excellent budget-friendly option for businesses and home users who want professional-quality prints while reducing printing costs.",https://res.cloudinary.com/djidjtrfg/image/upload/v1756184303/ASTA53A_ylnkfg.webp,"https://res.cloudinary.com/djidjtrfg/image/upload/v1756184274/ASTA53A2_gc5dww.jpg,https://res.cloudinary.com/djidjtrfg/image/upload/v1756184274/53A_qz4pme.jpg\",2,6,8
64,Asta Toner Cartridge 49A,asta-toner-cartridge-49a,1700,2000,"The Asta Toner Cartridge 49A (CB249A) is a reliable, cost-effective compatible toner delivering approximately 2,300 pages of sharp black prints. Compatible with multiple HP LaserJet models, it is ideal for office environments seeking quality and affordability.","The Asta 49A Toner Cartridge (CB249A) is a high-quality compatible replacement for HP’s original 49A cartridge. With a page yield of approximately 2,300 pages at 5% coverage, it provides consistent and clear black text prints suitable for everyday office use. This toner is compatible with a range of HP LaserJet printers, including models like P2055, P2055d, P2055dn, P2055x. Designed for easy installation and dependable performance, the Asta 49A offers an economical solution for businesses looking to reduce printing costs without sacrificing print quality or reliability.",https://res.cloudinary.com/djidjtrfg/image/upload/v1756184274/Asta49a_yfnyd1.jpg,"https://res.cloudinary.com/djidjtrfg/image/upload/v1756184274/asta4953aa_b8idpq.jpg,https://res.cloudinary.com/djidjtrfg/image/upload/v1756184274/Asta-49A-Toner-Cartridge_iea0fn.webp",2,6,8
65,Asta Toner Cartridge W1106A (106A),asta-toner-cartridge-w1106a-(106a),2500,,"The Asta Toner Cartridge 106A (W1106A) is a high-quality compatible toner that delivers approximately 1,000 pages of sharp black prints. It is compatible with popular HP LaserJet Pro models, making it ideal for home offices and small businesses.","The Asta 106A Toner Cartridge (W1106A) is a premium compatible replacement designed to match the performance of HP’s original 106A cartridge. Offering a yield of about 1,000 pages at 5% coverage, it produces crisp and clear black text suitable for daily printing needs. This toner cartridge is compatible with various HP LaserJet Pro models, including the MFP M130a, M130fn, M130fw, and M130nw. Engineered for easy installation and reliable, consistent output, the Asta 106A provides an economical printing solution without compromising on print quality, making it a smart choice for both home and small office environments.",https://res.cloudinary.com/djidjtrfg/image/upload/v1755963373/IMG-20250818-WA0024_uhecwx.jpg,"https://res.cloudinary.com/djidjtrfg/image/upload/v1755963359/IMG-20250703-WA0035_fxwgoh.jpg,https://res.cloudinary.com/djidjtrfg/image/upload/v1755963345/IMG-20250703-WA0033_dzkq89.jpg",2,55,8
66,Asta Toner Cartridge 55A,asta-toner-cartridge-55a,4500,,"The Asta Toner Cartridge 55A (CE255A) is a reliable compatible toner that delivers approximately 1,500 pages of sharp, professional black prints. It is compatible with various HP LaserJet Pro models, perfect for small to medium-sized offices.","The Asta 55A Toner Cartridge (CE255A) is a high-quality compatible replacement for the HP 55A cartridge, providing around 1,500 pages at 5% coverage with consistent and crisp black printing. It is designed to work seamlessly with several HP LaserJet Pro printers, including M403, M427, and M426 series. This cartridge offers easy installation, reliable performance, and excellent print quality, making it a cost-effective choice for businesses looking to reduce printing expenses without sacrificing quality. Ideal for daily office use, the Asta 55A ensures clear text and sharp images for professional documents.",https://res.cloudinary.com/djidjtrfg/image/upload/v1756184276/Asta-55A-CE255A-Toner-Cartridge_ybrzxx.jpg,https://res.cloudinary.com/djidjtrfg/image/upload/v1756184276/Asta-55A-CE255A-Toner-Cartridge_ybrzxx.jpg,2,5,8
67,Asta Toner Cartridge 51A,asta-toner-cartridge-51a,6500,,"The Asta Toner Cartridge 51A (CE251A) is a high-quality compatible toner delivering approximately 2,300 pages of crisp black prints. Compatible with various HP LaserJet Pro printers, it offers reliable performance for office and business printing needs.","The Asta 51A Toner Cartridge (CE251A) is a premium compatible replacement for HP’s original 51A cartridge. With a page yield of about 2,300 pages at 5% coverage, it produces sharp, consistent black text and graphics ideal for everyday office printing. Compatible with a range of HP LaserJet Pro models, including P3005, P3005d, P3005dn, P3005x, M3027, M3027x, M3027hn, and M3027h printer series, this cartridge ensures smooth installation and reliable output. The Asta 51A is designed to offer excellent print quality at a lower cost, making it a smart choice for businesses aiming to maintain professional standards while reducing expenses.",https://res.cloudinary.com/djidjtrfg/image/upload/v1756184275/151A51A_jjl3a1.jpg,https://res.cloudinary.com/djidjtrfg/image/upload/v1756184275/131_admmer.jpg,2,,8
68,Asta Toner Cartridge 126A,asta-toner-cartridge-126a,2200,,"The Asta Toner Cartridge 126A CF350 series is a reliable compatible toner delivering approximately 2,300 pages of sharp black prints. Compatible with several HP LaserJet Pro models, it ensures consistent, high-quality printing for office and professional use.","The Asta Toner Cartridge 126A CF350 series (CE310, CE311, CE312, CE313) is a premium compatible replacement designed to meet the high standards of HP’s original cartridges. Offering a page yield of about 2,300 pages at 5% coverage, it produces clear, crisp black text and graphics, ideal for daily business printing. This series is compatible with a variety of HP LaserJet Pro printers, including the M351, M351a, M351nw, M375, and M475 models. Engineered for easy installation and consistent, reliable output, the Asta 126A CF350 series toner cartridges provide an economical alternative for businesses seeking to reduce printing costs without sacrificing print quality or reliability.",https://res.cloudinary.com/djidjtrfg/image/upload/v1756184275/126A_uywsbv.jpg,https://res.cloudinary.com/djidjtrfg/image/upload/v1756184275/216A-600x450_p6ttro.jpg,2,5,8
69,Asta Toner Cartridge 131A ,asta-toner-cartridge-131a-,2000,,"The Asta Toner Cartridge 131A series is a high-quality compatible toner delivering approximately 1,500 pages of sharp, professional black prints. Compatible with select HP LaserJet Pro models, it is ideal for small to medium office environments.","The Asta Toner Cartridge 131A series (CF210, CF211, CF212, CF213) is designed to provide consistent, crisp black prints with a yield of about 1,500 pages at 5% coverage. These cartridges are compatible with several HP LaserJet Pro printers, including models like M251, M276, and M251n. Engineered as cost-effective alternatives to the original HP cartridges, they ensure smooth installation and reliable performance without compromising print quality. The Asta 131A series offers a budget-friendly solution for businesses needing dependable toner for everyday printing tasks.",https://res.cloudinary.com/djidjtrfg/image/upload/v1756184275/131_admmer.jpg,https://res.cloudinary.com/djidjtrfg/image/upload/v1756184275/131_admmer.jpg,2,,8
70,Asta Toner Cartridge 305A ,asta-toner-cartridge-305a-,3000,,"The Asta Toner Cartridge 305A series is a reliable compatible toner delivering approximately 6,900 pages of sharp black prints. Compatible with various HP Color LaserJet Pro models, it offers vibrant, consistent color printing for professional use.","The Asta Toner Cartridge 305A series (CE410, CE411, CE412, CE413) is a premium compatible toner designed to replace HP’s original 305A cartridges. With an impressive yield of around 6,900 pages at 5% coverage, these cartridges produce vibrant, high-quality color prints suitable for demanding office environments. They are compatible with a range of HP Color LaserJet Pro printers, including models like the CP3525, CP3525n, CP3525dn, CP3525x. Engineered for easy installation and reliable performance, the Asta 305A series ensures sharp text, vivid colors, and consistent output, making it an excellent cost-effective choice for businesses that require professional color printing.",https://res.cloudinary.com/djidjtrfg/image/upload/v1756184275/Asta-305_gzaqev.jpg,https://res.cloudinary.com/djidjtrfg/image/upload/v1756184276/Asta-305_1_vt22nd.jpg,2,4,8
71,Asta Toner Cartridge 125A ,asta-toner-cartridge-125a-,3500,,"The Asta Toner Cartridge 125A series offers reliable, cost-effective compatible toner cartridges that deliver approximately 2,300 pages per color. Compatible with a variety of HP Color LaserJet printers, they provide vibrant and sharp color prints for professional use.","The Asta Toner Cartridge 125A series (CB540, CB541, CB542, CB543) is a set of premium compatible cartridges designed to replace HP’s original 125A toner cartridges for cyan, magenta, yellow, and black colors. Each cartridge yields approximately 2,300 pages at 5% coverage, ensuring consistent, vibrant, and high-quality color output. These cartridges are compatible with several HP Color LaserJet printer models, including the CP1215, CP1515n, CP1518ni, CP1525n, CP1525nw, and CM1312 MFP series. Engineered for easy installation and dependable performance, the Asta 125A series is an economical choice for businesses and professionals seeking vibrant, accurate color prints without sacrificing quality.",https://res.cloudinary.com/djidjtrfg/image/upload/v1756184276/125a_gn3y3v.jpg,https://res.cloudinary.com/djidjtrfg/image/upload/v1756184276/125a_gn3y3v.jpg,2,4,8
72,Asta Toner Cartridge 205 ,asta-toner-cartridge-205-,3000,,"The Asta Toner Cartridge 205 series (CF530-CF533) delivers around 4,500 pages per color with vibrant, sharp color printing. Compatible with HP Color LaserJet Pro printers, it ensures consistent professional-quality output.","The Asta Toner Cartridge 205 series (CF530, CF531, CF532, CF533) offers premium compatible cartridges for cyan, magenta, yellow, and black toner. Each cartridge yields approximately 4,500 pages at 5% coverage and provides vivid, precise color output with sharp text. Compatible with HP Color LaserJet Pro models such as the CP5525, CP5525dn, CP5525xh, this series delivers reliable performance and excellent color consistency at a reduced cost, ideal for busy offices demanding professional color prints.",https://res.cloudinary.com/djidjtrfg/image/upload/v1756184275/Asta-205-600x800_bcaw9y.jpg,https://res.cloudinary.com/djidjtrfg/image/upload/v1756184275/Asta-205-600x800_bcaw9y.jpg,2,,8
73,Asta Toner Cartridge 203 ,asta-toner-cartridge-203-,3000,,"The Asta Toner Cartridge 203 series (CF540-CF543) offers approximately 2,500 pages per color with consistent, vibrant color output. Compatible with select HP Color LaserJet printers, perfect for business and professional use.","The Asta Toner Cartridge 203 series (CF540, CF541, CF542, CF543) are high-quality compatible toner cartridges designed to replace HP original cartridges for cyan, magenta, yellow, and black. Each cartridge produces about 2,500 pages at 5% coverage with sharp colors and text. Compatible with HP Color LaserJet models including CP2025, CP2025dn, CM2320nf, these cartridges offer reliable print quality, easy installation, and a budget-friendly alternative for offices seeking vibrant, accurate color prints.",https://res.cloudinary.com/djidjtrfg/image/upload/v1756184276/203-Asta-600x800_zedjtk.jpg,https://res.cloudinary.com/djidjtrfg/image/upload/v1756184276/203-Asta-600x800_zedjtk.jpg,2,3,8
74,Asta Toner Cartridge 17A,asta-toner-cartridge-17a,2000,,"The Asta Toner Cartridge 17A (CF217A) delivers approximately 1,600 pages of high-quality black prints. Compatible with select HP LaserJet Pro models, it’s suited for office and home use.","The Asta 17A Toner Cartridge (CF217A) is a compatible replacement designed for HP printers like the M102, M130 series. With a yield of about 1,600 pages at 5% coverage, it produces crisp and consistent black prints suitable for daily tasks. The cartridge offers easy installation, reliable performance, and is a cost-effective solution for maintaining professional print quality.",https://res.cloudinary.com/djidjtrfg/image/upload/v1755963362/IMG-20250818-WA0019_1_zhdmlf.jpg,"https://res.cloudinary.com/djidjtrfg/image/upload/v1755963362/IMG-20250818-WA0019_1_zhdmlf.jpg,",2,2,8
75,Asta Imaging Drum Unit 19A,asta-imaging-drum-unit-19a,2000,,"The Asta Imaging Drum Unit 19A (CF219A) supports up to 12,000 pages and is compatible with various HP LaserJet Pro models, ensuring sharp and consistent print quality.","The Asta Imaging Drum Unit 19A (CF219A) is a high-quality replacement drum compatible with HP LaserJet Pro printers such as M104, M130 series. Offering a yield of approximately 12,000 pages, it guarantees clear, precise prints and smooth operation. Designed for easy installation and durability, it helps maintain optimal printer performance and print quality.",https://res.cloudinary.com/djidjtrfg/image/upload/v1755963343/IMG-20250703-WA0029_xgwsdt.jpg,https://res.cloudinary.com/djidjtrfg/image/upload/v1755963343/IMG-20250703-WA0028_ub2oth.jpg,2,1,8
76,Asta Toner Cartridge 30A,asta-toner-cartridge-30a,2000,,"The Asta Toner Cartridge 30A (CF230A) produces approximately 1,500 pages of crisp black prints. Compatible with HP LaserJet Pro models, it provides reliable and affordable printing.","The Asta 30A Toner Cartridge (CF230A) is a compatible toner designed for HP printers like the M203, M227 series. With a page yield of about 1,500 pages at 5% coverage, it ensures sharp, consistent text and images. This cartridge offers easy installation and dependable performance, making it a cost-effective choice for everyday office printing.",https://res.cloudinary.com/djidjtrfg/image/upload/v1755963360/IMG-20250703-WA0036_naboa4.jpg,https://res.cloudinary.com/djidjtrfg/image/upload/v1755963359/IMG-20250703-WA0034_twit8i.jpg,2,2,8
77,Asta Imaging Drum Unit 32A,asta-imaging-drum-unit-32a,2000,,"The Asta Imaging Drum Unit 32A (CF232A) supports up to 12,000 pages and works with HP LaserJet Pro printers, delivering consistent, high-quality prints.","The Asta Imaging Drum Unit 32A (CF232A) is a premium replacement drum compatible with HP LaserJet Pro models such as M203, M227 series. Offering a yield of approximately 12,000 pages, it provides reliable, clear prints and maintains printer efficiency. Designed for easy installation and long life, this drum unit is ideal for users looking to sustain print quality while lowering maintenance costs.",https://res.cloudinary.com/djidjtrfg/image/upload/v1755963361/IMG-20250818-WA0014_1_orzijh.jpg,https://res.cloudinary.com/djidjtrfg/image/upload/v1755963361/IMG-20250818-WA0014_1_orzijh.jpg,2,3,8
78,Asta Toner Cartridge 26A,asta-toner-cartridge-26a,2000,,"The Asta Toner Cartridge 26A (CF226A) delivers about 1,200 pages of sharp black prints. Compatible with select HP LaserJet Pro models, it’s ideal for professional printing needs.","The Asta 26A Toner Cartridge (CF226A) is a compatible replacement for HP cartridges used in printers such as M402, M426. With a page yield of approximately 1,200 pages at 5% coverage, it produces crisp, clear black text and images. Designed for easy installation and consistent performance, the Asta 26A offers a budget-friendly option for businesses seeking quality prints.",https://res.cloudinary.com/djidjtrfg/image/upload/v1755963362/IMG-20250818-WA0015_mjwndv.jpg,https://res.cloudinary.com/djidjtrfg/image/upload/v1755963362/IMG-20250818-WA0015_mjwndv.jpg,2,5,8
79,Asta Toner Cartridge CF410,asta-toner-cartridge-cf410,3500,,"The Asta Toner Cartridge CF410 – CF413 series includes high-quality compatible cartridges that produce sharp, vibrant prints. Compatible with various HP Color LaserJet models, they ensure professional results.","The Asta Toner Cartridge CF410 – CF413 series offers compatible replacements for HP original cartridges, providing vivid color and sharp black prints. Compatible with HP Color LaserJet printers like the CP4005 series, these cartridges deliver consistent, high-quality output suitable for professional office environments. They offer reliable performance and easy installation at an economical price point.
",https://res.cloudinary.com/djidjtrfg/image/upload/v1755963343/IMG-20250703-WA0028_ub2oth.jpg,"https://res.cloudinary.com/djidjtrfg/image/upload/v1755963344/IMG-20250703-WA0022_fkua3k.jpg,https://res.cloudinary.com/djidjtrfg/image/upload/v1755963343/IMG-20250703-WA0027_zpcghw.jpg",2,6,8
80,Asta Toner Cartridge 80A,asta-toner-cartridge-80a,1800,2000,"The Asta Toner Cartridge 80A (CF280A) delivers approximately 2,700 pages of sharp black prints. Compatible with several HP LaserJet Pro models, it ensures reliable and professional-quality printing.","The Asta 80A Toner Cartridge (CF280A) is a premium compatible toner cartridge designed for use in HP LaserJet Pro printers such as the M403, M427 series. With a page yield of about 2,700 pages at 5% coverage, it produces crisp black text and sharp images for professional documents. This cartridge offers easy installation and consistent, reliable output, making it a cost-effective choice for businesses looking to maintain high print standards while reducing costs.",https://res.cloudinary.com/djidjtrfg/image/upload/v1755963373/IMG-20250818-WA0021_zq0eo0.jpg,"https://res.cloudinary.com/djidjtrfg/image/upload/v1755963346/IMG-20250703-WA0025_sewozt.jpg,https://res.cloudinary.com/djidjtrfg/image/upload/v1755963344/IMG-20250703-WA0023_vzl0x3.jpg",2,6,8